﻿<?xml version="1.0" encoding="utf-8" ?>
<skin type="play" keys="7">
  <head>
    <title>mBMplay hex simple 7</title>
    <version>1.0</version>
    <author>hex</author>
    
  </head>
  <body>
    <texture id="frame" src="img_hex_simple/frame.png" />
    <texture id="info" src="img_hex_simple/info.png" />
    <texture id="gauge" src="img_hex_simple/gauge.png" />
    <texture id="progress" src="img_hex_simple/progress.png" />
    <texture id="key" src="img_hex_simple/key.png" />
    <texture id="note" src="img_hex_simple/note.png" />
    <texture id="bomb" src="img_hex_simple/bomb.png" />
    <texture id="num" src="img_hex_simple/num.png" />
    <texture id="option" src="img_hex_simple/option.png" />

    <texture id="lane" src="../default/img_7_14/lane.png" />
    <texture id="load" src="../default/img_common/load.png" />
    

    <!-- frame -->
    <!-- 1p -->
    <image texture="frame" x="0" y="0" width="353" height="420" dst_timer="load_complete" loop="0" condition="playside_left">
      <dst time="0" x="17" y="0" width="353" height ="420" alpha="255" />
    </image>
    <!-- 2p -->
    <image texture="frame" x="353" y="0" width="-353" height="420" dst_timer="load_complete" loop="0" condition="playside_right">
      <dst time="0" x="17" y="0" width="353" height ="420" alpha="255" />
    </image>
    
    <!-- bga -->
    <bga dst_timer="load_complete" loop="0">
      <dst time="0" x="370" y="0" width="430" height ="430" alpha="255" />
    </bga>

    <!-- info -->
    <image texture="info" x="0" y="0" width="430" height="430" dst_timer="load_complete" loop="0">
      <dst time="0" x="370" y="0" width="430" height ="430" alpha="255" />
    </image>

    <!-- gauge -->
    <image texture="gauge" x="0" y="25" width="400" height="25" dst_timer="load_complete" loop="0">
      <dst time="0" x="385" y="443" width="400" height ="25" alpha="255" />
    </image>
    <bargraph texture="gauge" x="0" y="0" width="320" height="25" dst_timer="bpm" loop="0" value="groove_gauge" direction="right" max="80" min="0" img_mode="stretch">
      <dst time="0" x="385" y="443" width="320" height ="25" alpha="255" />
      <dst time="1000" x="385" y="443" width="320" height ="25" alpha="128" />
    </bargraph>
    <bargraph texture="gauge" x="320" y="0" width="80" height="25" dst_timer="bpm" loop="0" value="groove_gauge" direction="right" max="100" min="80" img_mode="stretch">
      <dst time="0" x="705" y="443" width="80" height ="25" alpha="255" />
      <dst time="1000" x="705" y="443" width="80" height ="25" alpha="128" />
    </bargraph>
    
    <!-- music_position -->
    <slider texture="progress" x="0" y="0" width="8" height="24" dst_timer="bpm" loop="0" value="music_time_position" max="100" min="0" start_x="4" start_y="36" end_x="4" end_y="397">
      <dst time="0" x="0" y="0" width="8" height ="24" alpha="200" />
      <dst time="1000" x="0" y="0" width="8" height ="24" alpha="100" />
    </slider>


    <!-- key flash -->
    <!-- scratch -->
    <!-- 1p -->
    <image texture="key" x="79" y="0" width="61" height="61" dst_timer="1p_scratch_judge" loop="600" condition="playside_left">
      <dst time="0" x="25" y="421" width="57" height ="57" alpha="255" rotate="0" pivot_x="center" pivot_y="center" />
      <dst time="300" x="25" y="421" width="57" height ="57" alpha="255" rotate="100" pivot_x="center" pivot_y="center" />
      <dst time="600" x="25" y="421" width="57" height ="57" alpha="0" rotate="200" pivot_x="center" pivot_y="center" />
    </image>
    <image texture="key" x="79" y="0" width="61" height="61" dst_timer="1p_scratch_ln_holding" loop="0" condition="playside_left">
      <dst time="0" x="25" y="421" width="57" height ="57" alpha="255" rotate="0" pivot_x="center" pivot_y="center" />
      <dst time="1080" x="25" y="421" width="57" height ="57" alpha="255" rotate="-360" pivot_x="center" pivot_y="center" />
    </image>
    <!-- 2p -->
    <image texture="key" x="79" y="0" width="61" height="61" dst_timer="1p_scratch_judge" loop="600" condition="playside_right">
      <dst time="0" x="305" y="421" width="57" height ="57" alpha="255" rotate="0" pivot_x="center" pivot_y="center" />
      <dst time="300" x="305" y="421" width="57" height ="57" alpha="255" rotate="100" pivot_x="center" pivot_y="center" />
      <dst time="600" x="305" y="421" width="57" height ="57" alpha="0" rotate="200" pivot_x="center" pivot_y="center" />
    </image>
    <image texture="key" x="79" y="0" width="61" height="61" dst_timer="1p_scratch_ln_holding" loop="0" condition="playside_right">
      <dst time="0" x="305" y="421" width="57" height ="57" alpha="255" rotate="0" pivot_x="center" pivot_y="center" />
      <dst time="1080" x="305" y="421" width="57" height ="57" alpha="255" rotate="-360" pivot_x="center" pivot_y="center" />
    </image>
    <!-- keys -->
    <!-- 1p -->
    <image texture="key" x="0" y="0" width="43" height="60" dst_timer="1p_key1_on" loop="0" condition="playside_left">
      <dst time="0" x="90" y="420" width="43" height ="60" alpha="255" />
    </image>

    <image texture="key" x="43" y="0" width="36" height="60" dst_timer="1p_key2_on" loop="0" condition="playside_left">
      <dst time="0" x="133" y="420" width="36" height ="60" alpha="255" />
    </image>

    <image texture="key" x="0" y="0" width="43" height="60" dst_timer="1p_key3_on" loop="0" condition="playside_left">
      <dst time="0" x="169" y="420" width="43" height ="60" alpha="255" />
    </image>

    <image texture="key" x="43" y="0" width="36" height="60" dst_timer="1p_key4_on" loop="0" condition="playside_left">
      <dst time="0" x="212" y="420" width="36" height ="60" alpha="255" />
    </image>
    
    <image texture="key" x="0" y="0" width="43" height="60" dst_timer="1p_key5_on" loop="0" condition="playside_left">
      <dst time="0" x="248" y="420" width="43" height ="60" alpha="255" />
    </image>

    <image texture="key" x="43" y="0" width="36" height="60" dst_timer="1p_key6_on" loop="0" condition="playside_left">
      <dst time="0" x="291" y="420" width="36" height ="60" alpha="255" />
    </image>
    
    <image texture="key" x="0" y="0" width="43" height="60" dst_timer="1p_key7_on" loop="0" condition="playside_left">
      <dst time="0" x="327" y="420" width="43" height ="60" alpha="255" />
    </image>

    <!-- 2p -->
    <image texture="key" x="0" y="0" width="43" height="60" dst_timer="1p_key1_on" loop="0" condition="playside_right">
      <dst time="0" x="17" y="420" width="43" height ="60" alpha="255" />
    </image>

    <image texture="key" x="43" y="0" width="36" height="60" dst_timer="1p_key2_on" loop="0" condition="playside_right">
      <dst time="0" x="60" y="420" width="36" height ="60" alpha="255" />
    </image>

    <image texture="key" x="0" y="0" width="43" height="60" dst_timer="1p_key3_on" loop="0" condition="playside_right">
      <dst time="0" x="96" y="420" width="43" height ="60" alpha="255" />
    </image>

    <image texture="key" x="43" y="0" width="36" height="60" dst_timer="1p_key4_on" loop="0" condition="playside_right">
      <dst time="0" x="139" y="420" width="36" height ="60" alpha="255" />
    </image>
    
    <image texture="key" x="0" y="0" width="43" height="60" dst_timer="1p_key5_on" loop="0" condition="playside_right">
      <dst time="0" x="175" y="420" width="43" height ="60" alpha="255" />
    </image>

    <image texture="key" x="43" y="0" width="36" height="60" dst_timer="1p_key6_on" loop="0" condition="playside_right">
      <dst time="0" x="218" y="420" width="36" height ="60" alpha="255" />
    </image>
    
    <image texture="key" x="0" y="0" width="43" height="60" dst_timer="1p_key7_on" loop="0" condition="playside_right">
      <dst time="0" x="254" y="420" width="43" height ="60" alpha="255" />
    </image>
    
    
    <!-- barline -->
    <barline side="1" texture="key" x="0" y="0" width="1" height="1" dst_timer="load_complete" loop="0">
      <dst time="0" x="17" y="419" width="353" height ="1" alpha="200" />
    </barline>
    
    <!-- notes -->
    <!-- 1p -->
    <lane index="0" dst_timer="scene_start" loop="0" condition="playside_left">
      <note texture="note" x="0" y="0" width="53" height="30" />
      <ln_start texture="note" x="0" y="0" width="53" height="30" />
      <ln_end texture="note" x="0" y="0" width="-1" height="-1" />
      <ln_body texture="note" x="0" y="30" width="53" height="1" />
      <dst time="0" x="18" y="390" width="71" height ="30" alpha="255" />
    </lane>
    
    <lane index="1" dst_timer="scene_start" loop="0" condition="playside_left">
      <note texture="note" x="53" y="0" width="30" height="30" />
      <ln_start texture="note" x="53" y="0" width="30" height="30" />
      <ln_end texture="note" x="0" y="0" width="-1" height="-1" />
      <ln_body texture="note" x="53" y="30" width="30" height="1" />
      <dst time="0" x="91" y="390" width="41" height ="30" alpha="255" />
    </lane>
    
    <lane index="2" dst_timer="scene_start" loop="0" condition="playside_left">
      <note texture="note" x="83" y="0" width="23" height="30" />
      <ln_start texture="note" x="83" y="0" width="23" height="30" />
      <ln_end texture="note" x="0" y="0" width="-1" height="-1" />
      <ln_body texture="note" x="83" y="30" width="23" height="1" />
      <dst time="0" x="134" y="390" width="34" height ="30" alpha="255" />
    </lane>
    
    <lane index="3" dst_timer="scene_start" loop="0" condition="playside_left">
      <note texture="note" x="53" y="0" width="30" height="30" />
      <ln_start texture="note" x="53" y="0" width="30" height="30" />
      <ln_end texture="note" x="0" y="0" width="-1" height="-1" />
      <ln_body texture="note" x="53" y="30" width="30" height="1" />
      <dst time="0" x="170" y="390" width="41" height ="30" alpha="255" />
    </lane>
    
    <lane index="4" dst_timer="scene_start" loop="0" condition="playside_left">
      <note texture="note" x="83" y="0" width="23" height="30" />
      <ln_start texture="note" x="83" y="0" width="23" height="30" />
      <ln_end texture="note" x="0" y="0" width="-1" height="-1" />
      <ln_body texture="note" x="83" y="30" width="23" height="1" />
      <dst time="0" x="213" y="390" width="34" height ="30" alpha="255" />
    </lane>
    
    <lane index="5" dst_timer="scene_start" loop="0" condition="playside_left">
      <note texture="note" x="53" y="0" width="30" height="30" />
      <ln_start texture="note" x="53" y="0" width="30" height="30" />
      <ln_end texture="note" x="0" y="0" width="-1" height="-1" />
      <ln_body texture="note" x="53" y="30" width="30" height="1" />
      <dst time="0" x="249" y="390" width="41" height ="30" alpha="255" />
    </lane>
    
    <lane index="6" dst_timer="scene_start" loop="0" condition="playside_left">
      <note texture="note" x="83" y="0" width="23" height="30" />
      <ln_start texture="note" x="83" y="0" width="23" height="30" />
      <ln_end texture="note" x="0" y="0" width="-1" height="-1" />
      <ln_body texture="note" x="83" y="30" width="23" height="1" />
      <dst time="0" x="292" y="390" width="34" height ="30" alpha="255" />
    </lane>
    
    <lane index="7" dst_timer="scene_start" loop="0" condition="playside_left">
      <note texture="note" x="53" y="0" width="30" height="30" />
      <ln_start texture="note" x="53" y="0" width="30" height="30" />
      <ln_end texture="note" x="0" y="0" width="-1" height="-1" />
      <ln_body texture="note" x="53" y="30" width="30" height="1" />
      <dst time="0" x="328" y="390" width="41" height ="30" alpha="255" />
    </lane>
    

    <!-- 2p -->
    <lane index="0" dst_timer="scene_start" loop="0" condition="playside_right">
      <note texture="note" x="0" y="0" width="53" height="30" />
      <ln_start texture="note" x="0" y="0" width="53" height="30" />
      <ln_end texture="note" x="0" y="0" width="-1" height="-1" />
      <ln_body texture="note" x="0" y="30" width="53" height="1" />
      <dst time="0" x="298" y="390" width="71" height ="30" alpha="255" />
    </lane>
    
    <lane index="1" dst_timer="scene_start" loop="0" condition="playside_right">
      <note texture="note" x="53" y="0" width="30" height="30" />
      <ln_start texture="note" x="53" y="0" width="30" height="30" />
      <ln_end texture="note" x="0" y="0" width="-1" height="-1" />
      <ln_body texture="note" x="53" y="30" width="30" height="1" />
      <dst time="0" x="18" y="390" width="41" height ="30" alpha="255" />
    </lane>
    
    <lane index="2" dst_timer="scene_start" loop="0" condition="playside_right">
      <note texture="note" x="83" y="0" width="23" height="30" />
      <ln_start texture="note" x="83" y="0" width="23" height="30" />
      <ln_end texture="note" x="0" y="0" width="-1" height="-1" />
      <ln_body texture="note" x="83" y="30" width="23" height="1" />
      <dst time="0" x="61" y="390" width="34" height ="30" alpha="255" />
    </lane>
    
    <lane index="3" dst_timer="scene_start" loop="0" condition="playside_right">
      <note texture="note" x="53" y="0" width="30" height="30" />
      <ln_start texture="note" x="53" y="0" width="30" height="30" />
      <ln_end texture="note" x="0" y="0" width="-1" height="-1" />
      <ln_body texture="note" x="53" y="30" width="30" height="1" />
      <dst time="0" x="97" y="390" width="41" height ="30" alpha="255" />
    </lane>
    
    <lane index="4" dst_timer="scene_start" loop="0" condition="playside_right">
      <note texture="note" x="83" y="0" width="23" height="30" />
      <ln_start texture="note" x="83" y="0" width="23" height="30" />
      <ln_end texture="note" x="0" y="0" width="-1" height="-1" />
      <ln_body texture="note" x="83" y="30" width="23" height="1" />
      <dst time="0" x="140" y="390" width="34" height ="30" alpha="255" />
    </lane>
    
    <lane index="5" dst_timer="scene_start" loop="0" condition="playside_right">
      <note texture="note" x="53" y="0" width="30" height="30" />
      <ln_start texture="note" x="53" y="0" width="30" height="30" />
      <ln_end texture="note" x="0" y="0" width="-1" height="-1" />
      <ln_body texture="note" x="53" y="30" width="30" height="1" />
      <dst time="0" x="176" y="390" width="41" height ="30" alpha="255" />
    </lane>
    
    <lane index="6" dst_timer="scene_start" loop="0" condition="playside_right">
      <note texture="note" x="83" y="0" width="23" height="30" />
      <ln_start texture="note" x="83" y="0" width="23" height="30" />
      <ln_end texture="note" x="0" y="0" width="-1" height="-1" />
      <ln_body texture="note" x="83" y="30" width="23" height="1" />
      <dst time="0" x="219" y="390" width="34" height ="30" alpha="255" />
    </lane>
    
    <lane index="7" dst_timer="scene_start" loop="0" condition="playside_right">
      <note texture="note" x="53" y="0" width="30" height="30" />
      <ln_start texture="note" x="53" y="0" width="30" height="30" />
      <ln_end texture="note" x="0" y="0" width="-1" height="-1" />
      <ln_body texture="note" x="53" y="30" width="30" height="1" />
      <dst time="0" x="255" y="390" width="41" height ="30" alpha="255" />
    </lane>
    
    <!-- bomb -->
    <!-- 1p -->
    <image texture="bomb" x="0" y="0" width="2896" height="192" div_x="16" div_y="1" cycle="251" div_timer="1p_scratch_judge" dst_timer="1p_scratch_judge" blend="additive" filter="linear" loop="-1" condition="playside_left">
      <dst time="0" x="-101" y="292" width="360" height ="288" alpha="255" />
      <dst time="250" x="-101" y="292" width="360" height ="288" alpha="255" />
    </image>

    <image texture="bomb" x="0" y="0" width="2896" height="192" div_x="16" div_y="1" cycle="251" div_timer="1p_key1_judge" dst_timer="1p_key1_judge" blend="additive" filter="linear" loop="-1" condition="playside_left">
      <dst time="0" x="-43" y="292" width="360" height ="288" alpha="255" />
      <dst time="250" x="-43" y="292" width="360" height ="288" alpha="255" />
    </image>

    <image texture="bomb" x="0" y="0" width="2896" height="192" div_x="16" div_y="1" cycle="251" div_timer="1p_key2_judge" dst_timer="1p_key2_judge" blend="additive" filter="linear" loop="-1" condition="playside_left">
      <dst time="0" x="-4" y="292" width="360" height ="288" alpha="255" />
      <dst time="250" x="-4" y="292" width="360" height ="288" alpha="255" />
    </image>

    <image texture="bomb" x="0" y="0" width="2896" height="192" div_x="16" div_y="1" cycle="251" div_timer="1p_key3_judge" dst_timer="1p_key3_judge" blend="additive" filter="linear" loop="-1" condition="playside_left">
      <dst time="0" x="36" y="292" width="360" height ="288" alpha="255" />
      <dst time="250" x="36" y="292" width="360" height ="288" alpha="255" />
    </image>

    <image texture="bomb" x="0" y="0" width="2896" height="192" div_x="16" div_y="1" cycle="251" div_timer="1p_key4_judge" dst_timer="1p_key4_judge" blend="additive" filter="linear" loop="-1" condition="playside_left">
      <dst time="0" x="75" y="292" width="360" height ="288" alpha="255" />
      <dst time="250" x="75" y="292" width="360" height ="288" alpha="255" />
    </image>

    <image texture="bomb" x="0" y="0" width="2896" height="192" div_x="16" div_y="1" cycle="251" div_timer="1p_key5_judge" dst_timer="1p_key5_judge" blend="additive" filter="linear" loop="-1" condition="playside_left">
      <dst time="0" x="115" y="292" width="360" height ="288" alpha="255" />
      <dst time="250" x="115" y="292" width="360" height ="288" alpha="255" />
    </image>

    <image texture="bomb" x="0" y="0" width="2896" height="192" div_x="16" div_y="1" cycle="251" div_timer="1p_key6_judge" dst_timer="1p_key6_judge" blend="additive" filter="linear" loop="-1" condition="playside_left">
      <dst time="0" x="154" y="292" width="360" height ="288" alpha="255" />
      <dst time="250" x="154" y="292" width="360" height ="288" alpha="255" />
    </image>

    <image texture="bomb" x="0" y="0" width="2896" height="192" div_x="16" div_y="1" cycle="251" div_timer="1p_key7_judge" dst_timer="1p_key7_judge" blend="additive" filter="linear" loop="-1" condition="playside_left">
      <dst time="0" x="194" y="292" width="360" height ="288" alpha="255" />
      <dst time="250" x="194" y="292" width="360" height ="288" alpha="255" />
    </image>

    <!-- 2p -->
    <image texture="bomb" x="0" y="0" width="2896" height="192" div_x="16" div_y="1" cycle="251" div_timer="1p_scratch_judge" dst_timer="1p_scratch_judge" blend="additive" filter="linear" loop="-1" condition="playside_right">
      <dst time="0" x="179" y="292" width="360" height ="288" alpha="255" />
      <dst time="250" x="179" y="292" width="360" height ="288" alpha="255" />
    </image>

    <image texture="bomb" x="0" y="0" width="2896" height="192" div_x="16" div_y="1" cycle="251" div_timer="1p_key1_judge" dst_timer="1p_key1_judge" blend="additive" filter="linear" loop="-1" condition="playside_right">
      <dst time="0" x="-116" y="292" width="360" height ="288" alpha="255" />
      <dst time="250" x="-116" y="292" width="360" height ="288" alpha="255" />
    </image>

    <image texture="bomb" x="0" y="0" width="2896" height="192" div_x="16" div_y="1" cycle="251" div_timer="1p_key2_judge" dst_timer="1p_key2_judge" blend="additive" filter="linear" loop="-1" condition="playside_right">
      <dst time="0" x="-76" y="292" width="360" height ="288" alpha="255" />
      <dst time="250" x="-76" y="292" width="360" height ="288" alpha="255" />
    </image>

    <image texture="bomb" x="0" y="0" width="2896" height="192" div_x="16" div_y="1" cycle="251" div_timer="1p_key3_judge" dst_timer="1p_key3_judge" blend="additive" filter="linear" loop="-1" condition="playside_right">
      <dst time="0" x="-37" y="292" width="360" height ="288" alpha="255" />
      <dst time="250" x="-37" y="292" width="360" height ="288" alpha="255" />
    </image>

    <image texture="bomb" x="0" y="0" width="2896" height="192" div_x="16" div_y="1" cycle="251" div_timer="1p_key4_judge" dst_timer="1p_key4_judge" blend="additive" filter="linear" loop="-1" condition="playside_right">
      <dst time="0" x="2" y="292" width="360" height ="288" alpha="255" />
      <dst time="250" x="2" y="292" width="360" height ="288" alpha="255" />
    </image>

    <image texture="bomb" x="0" y="0" width="2896" height="192" div_x="16" div_y="1" cycle="251" div_timer="1p_key5_judge" dst_timer="1p_key5_judge" blend="additive" filter="linear" loop="-1" condition="playside_right">
      <dst time="0" x="42" y="292" width="360" height ="288" alpha="255" />
      <dst time="250" x="42" y="292" width="360" height ="288" alpha="255" />
    </image>

    <image texture="bomb" x="0" y="0" width="2896" height="192" div_x="16" div_y="1" cycle="251" div_timer="1p_key6_judge" dst_timer="1p_key6_judge" blend="additive" filter="linear" loop="-1" condition="playside_right">
      <dst time="0" x="81" y="292" width="360" height ="288" alpha="255" />
      <dst time="250" x="81" y="292" width="360" height ="288" alpha="255" />
    </image>

    <image texture="bomb" x="0" y="0" width="2896" height="192" div_x="16" div_y="1" cycle="251" div_timer="1p_key7_judge" dst_timer="1p_key7_judge" blend="additive" filter="linear" loop="-1" condition="playside_right">
      <dst time="0" x="121" y="292" width="360" height ="288" alpha="255" />
      <dst time="250" x="121" y="292" width="360" height ="288" alpha="255" />
    </image>

    <!-- longnote bomb -->
    <!-- 1p -->
    <image texture="bomb" x="0" y="0" width="362" height="192" div_x="2" div_y="1" cycle="50" div_timer="1p_scratch_ln_holding" dst_timer="1p_scratch_ln_holding" blend="additive" filter="linear" loop="0" condition="playside_left">
      <dst time="0" x="-101" y="292" width="360" height ="288" alpha="255" />
    </image>

    <image texture="bomb" x="0" y="0" width="362" height="192" div_x="2" div_y="1" cycle="50" div_timer="1p_key1_ln_holding" dst_timer="1p_key1_ln_holding" blend="additive" filter="linear" loop="0" condition="playside_left">
      <dst time="0" x="-43" y="292" width="360" height ="288" alpha="255" />
    </image>

    <image texture="bomb" x="0" y="0" width="362" height="192" div_x="2" div_y="1" cycle="50" div_timer="1p_key2_ln_holding" dst_timer="1p_key2_ln_holding" blend="additive" filter="linear" loop="0" condition="playside_left">
      <dst time="0" x="-4" y="292" width="360" height ="288" alpha="255" />
    </image>

    <image texture="bomb" x="0" y="0" width="362" height="192" div_x="2" div_y="1" cycle="50" div_timer="1p_key3_ln_holding" dst_timer="1p_key3_ln_holding" blend="additive" filter="linear" loop="0" condition="playside_left">
      <dst time="0" x="36" y="292" width="360" height ="288" alpha="255" />
    </image>

    <image texture="bomb" x="0" y="0" width="362" height="192" div_x="2" div_y="1" cycle="50" div_timer="1p_key4_ln_holding" dst_timer="1p_key4_ln_holding" blend="additive" filter="linear" loop="0" condition="playside_left">
      <dst time="0" x="75" y="292" width="360" height ="288" alpha="255" />
    </image>

    <image texture="bomb" x="0" y="0" width="362" height="192" div_x="2" div_y="1" cycle="50" div_timer="1p_key5_ln_holding" dst_timer="1p_key5_ln_holding" blend="additive" filter="linear" loop="0" condition="playside_left">
      <dst time="0" x="115" y="292" width="360" height ="288" alpha="255" />
    </image>

    <image texture="bomb" x="0" y="0" width="362" height="192" div_x="2" div_y="1" cycle="50" div_timer="1p_key6_ln_holding" dst_timer="1p_key6_ln_holding" blend="additive" filter="linear" loop="0" condition="playside_left">
      <dst time="0" x="154" y="292" width="360" height ="288" alpha="255" />
    </image>

    <image texture="bomb" x="0" y="0" width="362" height="192" div_x="2" div_y="1" cycle="50" div_timer="1p_key7_ln_holding" dst_timer="1p_key7_ln_holding" blend="additive" filter="linear" loop="0" condition="playside_left">
      <dst time="0" x="194" y="292" width="360" height ="288" alpha="255" />
    </image>

    <!-- 2p -->
    <image texture="bomb" x="0" y="0" width="362" height="192" div_x="2" div_y="1" cycle="50" div_timer="1p_scratch_ln_holding" dst_timer="1p_scratch_ln_holding" blend="additive" filter="linear" loop="0" condition="playside_right">
      <dst time="0" x="179" y="292" width="360" height ="288" alpha="255" />
    </image>

    <image texture="bomb" x="0" y="0" width="362" height="192" div_x="2" div_y="1" cycle="50" div_timer="1p_key1_ln_holding" dst_timer="1p_key1_ln_holding" blend="additive" filter="linear" loop="0" condition="playside_right">
      <dst time="0" x="-116" y="292" width="360" height ="288" alpha="255" />
    </image>

    <image texture="bomb" x="0" y="0" width="362" height="192" div_x="2" div_y="1" cycle="50" div_timer="1p_key2_ln_holding" dst_timer="1p_key2_ln_holding" blend="additive" filter="linear" loop="0" condition="playside_right">
      <dst time="0" x="-76" y="292" width="360" height ="288" alpha="255" />
    </image>

    <image texture="bomb" x="0" y="0" width="362" height="192" div_x="2" div_y="1" cycle="50" div_timer="1p_key3_ln_holding" dst_timer="1p_key3_ln_holding" blend="additive" filter="linear" loop="0" condition="playside_right">
      <dst time="0" x="-37" y="292" width="360" height ="288" alpha="255" />
    </image>

    <image texture="bomb" x="0" y="0" width="362" height="192" div_x="2" div_y="1" cycle="50" div_timer="1p_key4_ln_holding" dst_timer="1p_key4_ln_holding" blend="additive" filter="linear" loop="0" condition="playside_right">
      <dst time="0" x="2" y="292" width="360" height ="288" alpha="255" />
    </image>

    <image texture="bomb" x="0" y="0" width="362" height="192" div_x="2" div_y="1" cycle="50" div_timer="1p_key5_ln_holding" dst_timer="1p_key5_ln_holding" blend="additive" filter="linear" loop="0" condition="playside_right">
      <dst time="0" x="42" y="292" width="360" height ="288" alpha="255" />
    </image>

    <image texture="bomb" x="0" y="0" width="362" height="192" div_x="2" div_y="1" cycle="50" div_timer="1p_key6_ln_holding" dst_timer="1p_key6_ln_holding" blend="additive" filter="linear" loop="0" condition="playside_right">
      <dst time="0" x="81" y="292" width="360" height ="288" alpha="255" />
    </image>

    <image texture="bomb" x="0" y="0" width="362" height="192" div_x="2" div_y="1" cycle="50" div_timer="1p_key7_ln_holding" dst_timer="1p_key7_ln_holding" blend="additive" filter="linear" loop="0" condition="playside_right">
      <dst time="0" x="121" y="292" width="360" height ="288" alpha="255" />
    </image>


    <!-- judge -->
    <!-- 1p -->
    <judge index="0" texture="lane" x="0" y="0" width="77" height="105" div_x="1" div_y="3" cycle="125" div_timer="1p_judge"  dst_timer="1p_judge" loop="-1" condition="playside_left">
      <dst time="0" x="160" y="270" width="77" height ="35" alpha="255" />
      <dst time="500" x="160" y="270" width="77" height ="35" alpha="255" />
    </judge>

    <!-- 2p -->
    <judge index="10" texture="lane" x="0" y="0" width="77" height="105" div_x="1" div_y="3" cycle="125" div_timer="1p_judge"  dst_timer="1p_judge" loop="-1" condition="playside_right">
      <dst time="0" x="140" y="270" width="77" height ="35" alpha="255" />
      <dst time="500" x="140" y="270" width="77" height ="35" alpha="255" />
    </judge>
    
    <!-- judge_ln -->
    <!-- 1p -->
    <judge index="1" texture="lane" x="0" y="0" width="77" height="105" div_x="1" div_y="3" cycle="125" div_timer="1p_ln_judge"  dst_timer="1p_ln_judge" loop="0" condition="playside_left">
      <dst time="0" x="160" y="270" width="77" height ="35" alpha="255" />
    </judge>

    <!-- 2p -->
    <judge index="11" texture="lane" x="0" y="0" width="77" height="105" div_x="1" div_y="3" cycle="125" div_timer="1p_ln_judge"  dst_timer="1p_ln_judge" loop="0" condition="playside_right">
      <dst time="0" x="140" y="270" width="77" height ="35" alpha="255" />
    </judge>
    
    <!-- combo -->
    <!-- 1p -->
    <combo index="0" texture="lane" x="77" y="0" width="170" height="105" div_x="10" div_y="3" cycle="125" div_timer="1p_judge"  dst_timer="1p_judge" loop="-1" value="1p_combo_count" align="left" digit="7" condition="playside_left">
      <dst time="0" x="80" y="0" width="17" height ="35" alpha="255" />
      <dst time="500" x="80" y="0" width="17" height ="35" alpha="255" />
    </combo>

    <!-- 2p -->
    <combo index="10" texture="lane" x="77" y="0" width="170" height="105" div_x="10" div_y="3" cycle="125" div_timer="1p_judge"  dst_timer="1p_judge" loop="-1" value="1p_combo_count" align="left" digit="7" condition="playside_right">
      <dst time="0" x="80" y="0" width="17" height ="35" alpha="255" />
      <dst time="500" x="80" y="0" width="17" height ="35" alpha="255" />
    </combo>

    <!-- combo_ln -->
    <!-- 1p -->
    <combo index="1" texture="lane" x="77" y="0" width="170" height="105" div_x="10" div_y="3" cycle="125" div_timer="1p_ln_judge"  dst_timer="1p_ln_judge" loop="0" value="1p_combo_count" align="left" digit="7" condition="playside_left">
      <dst time="0" x="80" y="0" width="17" height ="35" alpha="255" />
    </combo>

    <!-- 2p -->
    <combo index="11" texture="lane" x="77" y="0" width="170" height="105" div_x="10" div_y="3" cycle="125" div_timer="1p_ln_judge"  dst_timer="1p_ln_judge" loop="0" value="1p_combo_count" align="left" digit="7" condition="playside_right">
      <dst time="0" x="80" y="0" width="17" height ="35" alpha="255" />
    </combo>




    <!-- info -->
    <!-- BPM -->
    <number texture="num" x="0" y="0" width="132" height="32" div_x="12" div_y="2" dst_timer="load_complete" loop="0" value="bpm" align="left" digit="0">
      <dst time="0" x="443" y="22" width="11" height ="16" alpha="255" />
    </number>

    <!-- Notes -->
    <number texture="num" x="0" y="0" width="121" height="16" div_x="11" div_y="1" dst_timer="load_complete" loop="0" value="combo_count" align="left" digit="5">
      <dst time="0" x="443" y="38" width="11" height ="16" alpha="255" />
    </number>
    <image texture="num" x="11" y="80" width="11" height="16" dst_timer="load_complete" loop="0">
      <dst time="0" x="498" y="38" width="11" height ="16" alpha="255" />
    </image>
    <number texture="num" x="0" y="0" width="121" height="16" div_x="11" div_y="1" dst_timer="load_complete" loop="0" value="total_notes" align="left" digit="5">
      <dst time="0" x="509" y="38" width="11" height ="16" alpha="255" />
    </number>
    <!-- longnotes -->
    <image texture="num" x="55" y="80" width="11" height="16" dst_timer="load_complete" loop="0" condition="contains_ln">
      <dst time="0" x="564" y="38" width="11" height ="16" alpha="255" />
    </image>
    <number texture="num" x="0" y="0" width="121" height="16" div_x="11" div_y="1" dst_timer="load_complete" loop="0" value="total_ln" align="left" digit="4" condition="contains_ln">
      <dst time="0" x="575" y="38" width="11" height ="16" alpha="255" />
    </number>
    <image texture="num" x="66" y="80" width="11" height="16" dst_timer="load_complete" loop="0" condition="contains_ln">
      <dst time="0" x="619" y="38" width="11" height ="16" alpha="255" />
    </image>

    <!-- Total -->
    <number texture="num" x="0" y="0" width="110" height="16" div_x="10" div_y="1" dst_timer="load_complete" loop="0" value="gauge_total" align="left" digit="0">
      <dst time="0" x="443" y="54" width="11" height ="16" alpha="255" />
    </number>

    <!-- hispeed -->
    <number texture="num" x="0" y="0" width="110" height="16" div_x="10" div_y="1" dst_timer="load_complete" loop="0" value="1p_hs" align="right" digit="2">
      <dst time="0" x="575" y="213" width="11" height ="16" alpha="255" />
    </number>
    <image texture="num" x="0" y="80" width="11" height="16" dst_timer="load_complete" loop="0">
      <dst time="0" x="597" y="213" width="11" height ="16" alpha="255" />
    </image>
    <number texture="num" x="0" y="32" width="121" height="16" div_x="11" div_y="1" dst_timer="load_complete" loop="0" value="1p_hs_point" align="left" digit="2">
      <dst time="0" x="608" y="213" width="11" height ="16" alpha="255" />
    </number>
    
    <!-- hsfix -->
    <image texture="option" x="0" y="0" width="120" height="16" dst_timer="load_complete" loop="0" condition="hs_fix_off">
      <dst time="0" x="575" y="229" width="120" height ="16" alpha="255" />
    </image>
    <image texture="option" x="0" y="16" width="120" height="16" dst_timer="load_complete" loop="0" condition="hs_fix_max">
      <dst time="0" x="575" y="229" width="120" height ="16" alpha="255" />
    </image>
    <image texture="option" x="0" y="32" width="120" height="16" dst_timer="load_complete" loop="0" condition="hs_fix_min">
      <dst time="0" x="575" y="229" width="120" height ="16" alpha="255" />
    </image>
    <image texture="option" x="0" y="48" width="120" height="16" dst_timer="load_complete" loop="0" condition="hs_fix_main_notes">
      <dst time="0" x="575" y="229" width="120" height ="16" alpha="255" />
    </image>
    <image texture="option" x="0" y="64" width="120" height="16" dst_timer="load_complete" loop="0" condition="hs_fix_main_time">
      <dst time="0" x="575" y="229" width="120" height ="16" alpha="255" />
    </image>
    <image texture="option" x="0" y="80" width="120" height="16" dst_timer="load_complete" loop="0" condition="hs_fix_regular_speed">
      <dst time="0" x="575" y="229" width="120" height ="16" alpha="255" />
    </image>
    
    <!-- speed -->
    <number texture="num" x="0" y="48" width="132" height="32" div_x="12" div_y="2" dst_timer="load_complete" loop="0" value="music_speed_level" align="left" digit="2">
      <dst time="0" x="575" y="245" width="11" height ="16" alpha="255" />
    </number>

    <!-- volume -->
    <!-- master -->
    <number texture="num" x="0" y="0" width="121" height="16" div_x="11" div_y="1" dst_timer="load_complete" loop="0" value="volume_master" align="right" digit="3">
      <dst time="0" x="575" y="261" width="11" height ="16" alpha="255" />
    </number>
    <!-- key -->
    <number texture="num" x="0" y="0" width="121" height="16" div_x="11" div_y="1" dst_timer="load_complete" loop="0" value="volume_key" align="right" digit="3">
      <dst time="0" x="575" y="277" width="11" height ="16" alpha="255" />
    </number>
    <!-- bgm -->
    <number texture="num" x="0" y="0" width="121" height="16" div_x="11" div_y="1" dst_timer="load_complete" loop="0" value="volume_bgm" align="right" digit="3">
      <dst time="0" x="575" y="293" width="11" height ="16" alpha="255" />
    </number>

    <!-- side -->
    <image texture="option" x="0" y="96" width="120" height="16" dst_timer="load_complete" loop="0" condition="playside_left">
      <dst time="0" x="575" y="309" width="120" height ="16" alpha="255" />
    </image>
    <image texture="option" x="0" y="112" width="120" height="16" dst_timer="load_complete" loop="0" condition="playside_right">
      <dst time="0" x="575" y="309" width="120" height ="16" alpha="255" />
    </image>

    <!-- nps -->
    <number texture="num" x="0" y="0" width="121" height="16" div_x="11" div_y="1" dst_timer="load_complete" loop="0" value="notes_per_second" align="left" digit="4">
      <dst time="0" x="476" y="357" width="11" height ="16" alpha="255" />
    </number>
    <number texture="num" x="0" y="0" width="121" height="16" div_x="11" div_y="1" dst_timer="load_complete" loop="0" value="max_notes_per_second" align="left" digit="4">
      <dst time="0" x="476" y="373" width="11" height ="16" alpha="255" />
    </number>
    <number texture="num" x="0" y="0" width="121" height="16" div_x="11" div_y="1" dst_timer="load_complete" loop="0" value="average_notes_per_second" align="left" digit="4">
      <dst time="0" x="476" y="389" width="11" height ="16" alpha="255" />
    </number>
    <image texture="num" x="0" y="80" width="11" height="16" dst_timer="load_complete" loop="0">
      <dst time="0" x="520" y="389" width="11" height ="16" alpha="255" />
    </image>
    <number texture="num" x="0" y="32" width="121" height="16" div_x="11" div_y="1" dst_timer="load_complete" loop="0" value="average_notes_per_second_point" align="left" digit="2">
      <dst time="0" x="531" y="389" width="11" height ="16" alpha="255" />
    </number>

    <!-- gauge -->
    <number texture="num" x="0" y="0" width="121" height="16" div_x="11" div_y="1" dst_timer="load_complete" loop="0" value="groove_gauge" align="left" digit="3">
      <dst time="0" x="476" y="405" width="11" height ="16" alpha="255" />
    </number>
    <image texture="num" x="0" y="80" width="11" height="16" dst_timer="load_complete" loop="0">
      <dst time="0" x="509" y="405" width="11" height ="16" alpha="255" />
    </image>
    <number texture="num" x="0" y="32" width="121" height="16" div_x="11" div_y="1" dst_timer="load_complete" loop="0" value="groove_gauge_point" align="left" digit="2">
      <dst time="0" x="520" y="405" width="11" height ="16" alpha="255" />
    </number>
    <image texture="num" x="44" y="80" width="11" height="16" dst_timer="load_complete" loop="0">
      <dst time="0" x="542" y="405" width="11" height ="16" alpha="255" />
    </image>
    
    <image texture="num" x="55" y="80" width="11" height="16" dst_timer="load_complete" loop="0">
      <dst time="0" x="564" y="405" width="11" height ="16" alpha="255" />
    </image>
    <number texture="num" x="0" y="0" width="121" height="16" div_x="11" div_y="1" dst_timer="load_complete" loop="0" value="gauge_total_increment" align="left" digit="4">
      <dst time="0" x="575" y="405" width="11" height ="16" alpha="255" />
    </number>
    <image texture="num" x="0" y="80" width="11" height="16" dst_timer="load_complete" loop="0">
      <dst time="0" x="619" y="405" width="11" height ="16" alpha="255" />
    </image>
    <number texture="num" x="0" y="32" width="121" height="16" div_x="11" div_y="1" dst_timer="load_complete" loop="0" value="gauge_total_increment_point" align="left" digit="2">
      <dst time="0" x="630" y="405" width="11" height ="16" alpha="255" />
    </number>
    <image texture="num" x="44" y="80" width="11" height="16" dst_timer="load_complete" loop="0">
      <dst time="0" x="652" y="405" width="11" height ="16" alpha="255" />
    </image>
    <image texture="num" x="66" y="80" width="11" height="16" dst_timer="load_complete" loop="0">
      <dst time="0" x="663" y="405" width="11" height ="16" alpha="255" />
    </image>
    
    <!-- time -->
    <number texture="num" x="0" y="0" width="121" height="16" div_x="11" div_y="1" dst_timer="load_complete" loop="0" value="current_bars" align="left" digit="3">
      <dst time="0" x="0" y="0" width="11" height ="16" alpha="255" />
    </number>
    <image texture="num" x="11" y="80" width="11" height="16" dst_timer="load_complete" loop="0">
      <dst time="0" x="33" y="0" width="11" height ="16" alpha="255" />
    </image>
    <number texture="num" x="0" y="0" width="121" height="16" div_x="11" div_y="1" dst_timer="load_complete" loop="0" value="total_bars" align="left" digit="3">
      <dst time="0" x="44" y="0" width="11" height ="16" alpha="255" />
    </number>

    <number texture="num" x="0" y="0" width="121" height="16" div_x="11" div_y="1" dst_timer="load_complete" loop="0" value="elapsed_music_time_minutes" align="left" digit="2">
      <dst time="0" x="0" y="16" width="11" height ="16" alpha="255" />
    </number>
    <image texture="num" x="33" y="80" width="11" height="16" dst_timer="load_complete" loop="0">
      <dst time="0" x="22" y="16" width="11" height ="16" alpha="255" />
    </image>
    <number texture="num" x="0" y="32" width="121" height="16" div_x="11" div_y="1" dst_timer="load_complete" loop="0" value="elapsed_music_time_seconds" align="left" digit="2">
      <dst time="0" x="33" y="16" width="11" height ="16" alpha="255" />
    </number>
    <image texture="num" x="11" y="80" width="11" height="16" dst_timer="load_complete" loop="0">
      <dst time="0" x="55" y="16" width="11" height ="16" alpha="255" />
    </image>
    <number texture="num" x="0" y="0" width="121" height="16" div_x="11" div_y="1" dst_timer="load_complete" loop="0" value="total_music_time_minutes" align="left" digit="2">
      <dst time="0" x="66" y="16" width="11" height ="16" alpha="255" />
    </number>
    <image texture="num" x="33" y="80" width="11" height="16" dst_timer="load_complete" loop="0">
      <dst time="0" x="88" y="16" width="11" height ="16" alpha="255" />
    </image>
    <number texture="num" x="0" y="32" width="121" height="16" div_x="11" div_y="1" dst_timer="load_complete" loop="0" value="total_music_time_seconds" align="left" digit="2">
      <dst time="0" x="99" y="16" width="11" height ="16" alpha="255" />
    </number>

    <!-- loading -->
    <!-- bg -->
    <image texture="load" x="0" y="0" width="800" height="480" dst_timer="scene_start" loop="0" condition="loading">
      <dst time="0" x="0" y="0" width="800" height ="480" alpha="255" />
    </image>
    <!-- num -->
    <image texture="load" x="0" y="480" width="150" height="20" dst_timer="scene_start" loop="0" condition="loading">
      <dst time="0" x="325" y="325" width="150" height ="20" alpha="255" />
    </image>
    <number texture="load" x="151" y="480" width="120" height="16" div_x="10" div_y="1" dst_timer="scene_start" loop="0" value="load_percentage" align="right" digit="3" condition="loading">
      <dst time="0" x="422" y="325" width="12" height ="16" alpha="255" />
    </number>
    <!-- bar -->
    <image texture="#white" x="0" y="0" width="1" height="1" dst_timer="scene_start" loop="0" condition="loading">
      <dst time="0" x="275" y="350" width="250" height ="2" alpha="128" r="192" g="192" b="192" />
    </image>
    <bargraph texture="#white" x="0" y="0" width="1" height="1" dst_timer="scene_start" loop="0" value="load_percentage" direction="right" max="100" min="0" img_mode="stretch" condition="loading">
      <dst time="0" x="275" y="350" width="250" height ="2" alpha="255" />
    </bargraph>

    <!-- fps -->
    <number texture="num" x="0" y="0" width="110" height="16" div_x="10" div_y="1" dst_timer="load_complete" loop="0" value="fps" align="right" digit="4">
      <dst time="0" x="756" y="0" width="11" height ="16" alpha="255" />
    </number>
    <number texture="num" x="0" y="0" width="110" height="16" div_x="10" div_y="1" dst_timer="load_complete" loop="0" value="ups" align="right" digit="4">
      <dst time="0" x="756" y="16" width="11" height ="16" alpha="255" />
    </number>

  </body>
</skin>
